
           --Cliente
	--	CodFis VARCHAR(40) PRIMARY KEY,
	--	Nome VARCHAR(40) NOT NULL,
	--	Cognome VARCHAR(40) NOT NULL,
	--	Citta VARCHAR(40) NOT NULL,
	--	Telefono VARCHAR(30) NOT NULL,
	--	Cellulare VARCHAR(30),
	--	Login VARCHAR(20) NOT NULL,
	--	Passwd VARCHAR(20) NOT NULL

	--Collegata a Tentativovendita tramite CodFis

            INSERT INTO Cliente (CodFis, Nome, Cognome, Citta, Telefono, Login, Passwd)
            VALUES ('ptrmsn93e05l781t', 'Pietro', 'Musetta', 
		    'Quinto', '045908932', 'pietromsn', 'jj2345' );

            INSERT INTO Cliente (CodFis, Nome, Cognome, Citta, Telefono, Login, Passwd)
            VALUES ('tcccrl82i05l781t', 'Carlo', 'Tacconi', 
		    'Trevenzuolo', '045908342', 'carloita', '0000' );

            INSERT INTO Cliente (CodFis, Nome, Cognome, Citta, Telefono, Login, Passwd)
            VALUES ('mnlcrs82t05l881r', 'Manuela', 'Corsi', 
		    'Poiano', '045988732', 'ManuCor', '0101i' );

	    INSERT INTO Cliente (CodFis, Nome, Cognome, Citta, Telefono, Login, Passwd)
            VALUES ('lbtmrc94t06l823t', 'Alberto', 'Marchi', 
		    'Nesente', '045928392', 'Albymar', '93jf' );

	    INSERT INTO Cliente (CodFis, Nome, Cognome, Citta, Telefono, Login, Passwd)
            VALUES ('glvcc82t05l881r', 'Giulia', 'Vaccari', 
		    'Verona', '045928392', 'Giuliavacc', 'efd99i' );

            INSERT INTO Cliente (CodFis, Nome, Cognome, Citta, Telefono, Login, Passwd)
            VALUES ('ngldlc82t05l881r', 'Angiolina', 'DalCorso', 
		    'Vicenza', '045938293', 'Angiodalcorso', 'ldf22' );

            INSERT INTO Cliente (CodFis, Nome, Cognome, Citta, Telefono, Login, Passwd)
            VALUES ('dgbzz82t05l881r', 'Diego', 'Bezzi', 
		    'Montorio', '045989772', 'diegobez', 'jgjdi2' );

            INSERT INTO Cliente (CodFis, Nome, Cognome, Citta, Telefono, Login, Passwd)
            VALUES ('rdlrtt82t05l881r', 'Rodolfo', 'Rotta', 
		    'Grezzana', '045923332', 'rudyrott', 'nsdj24' );

            INSERT INTO Cliente (CodFis, Nome, Cognome, Citta, Telefono, Login, Passwd)
            VALUES ('gnbzz82t05l881r', 'Gino', 'Bezzi', 
		    'Poiano', '045927112', 'GinoBez', '23jvik' );

	--Agente
	--	Codice VARCHAR(40) PRIMARY KEY,
	--	Nome VARCHAR(40) NOT NULL,
	--	Cognome VARCHAR(40) NOT NULL,
	--	Indirizzo VARCHAR(50) NOT NULL,
	--	Citta VARCHAR(40) NOT NULL
	
	--Collegata a tentativovendita tramite Codice 	

	    INSERT INTO Agente (Codice, Nome, Cognome, Indirizzo, Citta)
            VALUES ('id001', 'Marcello', 'Rossi','via Italia', 'Montorio');
		
	    INSERT INTO Agente (Codice, Nome, Cognome, Indirizzo, Citta)
            VALUES ('id002', 'Vittorio', 'Campedelli','piazza Ederle', 'Marzana');

	    INSERT INTO Agente (Codice, Nome, Cognome, Indirizzo, Citta)
            VALUES ('id003', 'Carlo', 'Senardi','via Spagna', 'Montorio');
		
	    INSERT INTO Agente (Codice, Nome, Cognome, Indirizzo, Citta)
            VALUES ('id004', 'Renzo', 'Olivieri','piazza Inghilterra', 'Marzana');
	
	    INSERT INTO Agente (Codice, Nome, Cognome, Indirizzo, Citta)
            VALUES ('id005', 'Elena', 'Sordini','piazza Ederle', 'Vicenza');
	
	    INSERT INTO Agente (Codice, Nome, Cognome, Indirizzo, Citta)
            VALUES ('id006', 'Camilla', 'Zanchi','via Iuris', 'Montorio');
		
	    INSERT INTO Agente (Codice, Nome, Cognome, Indirizzo, Citta)
            VALUES ('id007', 'Felice', 'Tagliaferri','piazza Cannone', 'Desenzano');

	    INSERT INTO Agente (Codice, Nome, Cognome, Indirizzo, Citta)
            VALUES ('id008', 'Eligio', 'Verdi','via Scianu', 'Montecchio');
		
	    INSERT INTO Agente (Codice, Nome, Cognome, Indirizzo, Citta)
            VALUES ('id009', 'Raffaella', 'Campedelli','piazza Edoardi', 'Marzana');
	
  	    INSERT INTO Agente (Codice, Nome, Cognome, Indirizzo, Citta)
            VALUES ('id010', 'Silvia', 'Menegatti','via Italia', 'Sezano');

	-- EffettivoAcquirente
	--	Nome VARCHAR(40) NOT NULL,
	--	Cognome VARCHAR(40) NOT NULL,
	--	CodFis VARCHAR(40) PRIMARY KEY,
	--	Telefono VARCHAR(40) NOT NULL

	--Collegata a TentativoVendita tramite CodFis

	    INSERT INTO EffettivoAcquirente (Nome, Cognome, CodFis, Telefono)
            VALUES ('Tommy', 'Vercetti', 'tmmvrc84b04l854t', '045/909334');
	
	    
	    INSERT INTO EffettivoAcquirente (Nome, Cognome, CodFis, Telefono)
            VALUES ('Matteo', 'Pistoso', 'mttpst56b09l884t', '045/435494');

	    INSERT INTO EffettivoAcquirente (Nome, Cognome, CodFis, Telefono)
            VALUES ('Alberto', 'Stasi', 'lbrvrc84b04l854t', '045/949334');
	
	    
	    INSERT INTO EffettivoAcquirente (Nome, Cognome, CodFis, Telefono)
            VALUES ('Giovanni', 'Quadrelli', 'glqdr82t05l881', '045/4359994');
	    
	    INSERT INTO EffettivoAcquirente (Nome, Cognome, CodFis, Telefono)
            VALUES ('Camillo', 'Area', 'cmlr23b04lu54t', '045/9203334');
	
	    
	    INSERT INTO EffettivoAcquirente (Nome, Cognome, CodFis, Telefono)
            VALUES ('Giovanni', 'Pistoso', 'gvpst2t05l881', '045/4359994');
		
	    INSERT INTO EffettivoAcquirente (Nome, Cognome, CodFis, Telefono)
            VALUES ('Alberto', 'Stasi', 'lbrsts84b04d923t', '045/949334');
	
	    
	    INSERT INTO EffettivoAcquirente (Nome, Cognome, CodFis, Telefono)
            VALUES ('Marika', 'Polidoro', 'mrkpld33t05l881', '045/4359994');	
	
       -- Immobile   
	--	CodiceIm VARCHAR(40) PRIMARY KEY,
	--	Indirizzo VARCHAR(50) NOT NULL,
	--	Citta VARCHAR(30) NOT NULL,
	--	SuperficieTotale FLOAT NOT NULL,
	--	NumeroVani INTEGER NOT NULL,
	--	Descrizione VARCHAR(150) NOT NULL,
	--	Tipo Tipologia NOT NULL,
	--	Piano INTEGER,
	--	SuperficieGiardino FLOAT

	--	CREATE DOMAIN Tipologia as VARCHAR(30)
        --	CHECK(VALUE IN ('appartamento in palazzina','villetta a schiera', 'villa singola'));
	
	-- Collegata a Invendita tramite CodiceIm

	 INSERT INTO Immobile (CodiceIm, Indirizzo, Citta, SuperficieTotale, NumeroVani, Descrizione, Tipo, Piano)
            VALUES ('10aa', 'via Generale Rossi', 'Grezzana', '200', '5', 'Ampio e spazioso locale in zona centro.',
		    'appartamento in palazzina', '2');
		
	 INSERT INTO Immobile (CodiceIm, Indirizzo, Citta, SuperficieTotale, NumeroVani, Descrizione, Tipo, SuperficieGiardino)
            VALUES ('10ba', 'via Vajo Uggioso', 'Cerro', '340', '10',
		    'Villa Spaziosa e con ampio giardino esterno.', 'villa singola', '230');
	
	 INSERT INTO Immobile (CodiceIm, Indirizzo, Citta, SuperficieTotale, NumeroVani, Descrizione, Tipo)
            VALUES ('10ca', 'via Scudelardo', 'Verona', '100', '8',
		    'Villa modesta ma molto accogliente.', 'villetta a schiera');

	 INSERT INTO Immobile (CodiceIm, Indirizzo, Citta, SuperficieTotale, NumeroVani, Descrizione, Tipo)
            VALUES ('10da', 'viale Rimembranza', 'Desenzano', '120', '7',
		    'villetta accogliente e con ampia visuale sul bellissimo paesaggio della zona.', 'villetta a schiera');
	
 	INSERT INTO Immobile (CodiceIm, Indirizzo, Citta, SuperficieTotale, NumeroVani, Descrizione, Tipo)
            VALUES ('10ea', 'viale Rimembranza', 'Desenzano', '120', '7',
		    'villetta accogliente e con ampia visuale sul bellissimo paesaggio della zona.', 'villetta a schiera');

	 INSERT INTO Immobile (CodiceIm, Indirizzo, Citta, SuperficieTotale, NumeroVani, Descrizione, Tipo)
            VALUES ('10fa', 'via Guerra', 'Desenzano', '230', '4',
		    'villetta accogliente e con ampia visuale sul bellissimo paesaggio della zona in citt&agrave.', 'villa singola');

	 INSERT INTO Immobile (CodiceIm, Indirizzo, Citta, SuperficieTotale, NumeroVani, Descrizione, Tipo)
            VALUES ('10ga', 'viale industria', 'Marzana', '240', '13',
		    'villa spaziosa e accogliente e con ampia visuale sul bellissimo paesaggio della zona.', 'villa singola');

	 INSERT INTO Immobile (CodiceIm, Indirizzo, Citta, SuperficieTotale, NumeroVani, Descrizione, Tipo)
            VALUES ('10ha', 'via Rossi', 'Montorio', '120', '7',
		    'villa accogliente e con ampia visuale sul paesaggio della zona.', 'appartamento in palazzina');
	

	-- TentativoVendita
	--	Id INTEGER PRIMARY KEY,
	--	PrezzoMinimo FLOAT NOT NULL,
	--	PeriodoPrezzo DATE NOT NULL,
	--	DataEffettiva DATE,
	--	Notaio VARCHAR(50), 
	--	PrezzoFinale FLOAT NOT NULL,
	--	DataConcordata DATE NOT NULL,
	--	CodCliente VARCHAR(40) NOT NULL REFERENCES Cliente(CodFis),
	--	CodiceEffettivoAcquirente VARCHAR(40) NOT NULL REFERENCES EffettivoAcquirente(CodFis),
	--	CodiceAgente VARCHAR(40) NOT NULL REFERENCES Agente(Codice)
		
	--Collegata a InVendita tramite id
	--Collegata a Cliente tramite CodCliente
	--Collegata a Agente tramite CodiceAgente
	--Collegata a EffettivoAcquirente tramite CodiceEffettivoAcquirente 

	     INSERT INTO TentativoVendita (Id, PrezzoMinimo, PeriodoPrezzo, DataEffettiva, Notaio, PrezzoFinale, DataConcordata,
					   CodCliente, CodiceEffettivoAcquirente, CodiceAgente)
	     VALUES ('93', '180000', '2018-10-08', '2018-10-08', 'Borsini', '140000', '2014-12-17',
		     'ptrmsn93e05l781t', 'tmmvrc84b04l854t', 'id001');
	     
	     INSERT INTO TentativoVendita (Id, PrezzoMinimo, PeriodoPrezzo, DataEffettiva, Notaio, PrezzoFinale, DataConcordata,
					   CodCliente, CodiceEffettivoAcquirente, CodiceAgente)
	     VALUES ('94', '90000', '2020-1-12', '2018-09-11', 'Chiccolin', '100000', '2024-07-23', 'rdlrtt82t05l881r', 'tmmvrc84b04l854t', 'id002');
	
	      INSERT INTO TentativoVendita (Id, PrezzoMinimo, PeriodoPrezzo, DataEffettiva, Notaio, PrezzoFinale, DataConcordata,
					   CodCliente, CodiceEffettivoAcquirente, CodiceAgente)
	     VALUES ('95', '90000', '2021-1-12', '2018-09-11', 'Berlinguer', '100000', '2024-07-30', 'tcccrl82i05l781t', 'mttpst56b09l884t', 'id010');

 	     INSERT INTO TentativoVendita (Id, PrezzoMinimo, PeriodoPrezzo, DataEffettiva, Notaio, PrezzoFinale, DataConcordata,
					   CodCliente, CodiceEffettivoAcquirente, CodiceAgente)
	     VALUES ('96', '90000', '2021-1-12', '2018-09-11', 'Guarazzi', '100000', '2024-06-14', 'glvcc82t05l881r', 'mttpst56b09l884t', 'id007');

	     INSERT INTO TentativoVendita (Id, PrezzoMinimo, PeriodoPrezzo, DataEffettiva, Notaio, PrezzoFinale, DataConcordata,
					   CodCliente, CodiceEffettivoAcquirente, CodiceAgente)
	     VALUES ('97', '90000', '2021-1-12', '2018-09-11', 'Pippoli', '100000', '2024-05-13', 'ngldlc82t05l881r', 'mttpst56b09l884t', 'id008');

  	     INSERT INTO TentativoVendita (Id, PrezzoMinimo, PeriodoPrezzo, DataEffettiva, Notaio, PrezzoFinale, DataConcordata,
					   CodCliente, CodiceEffettivoAcquirente, CodiceAgente)
	     VALUES ('98', '90000', '2021-1-12', '2018-09-11', 'Santoro', '100000', '2024-02-12', 'dgbzz82t05l881r', 'mttpst56b09l884t', 'id009');

	--Inserisco parametri di immobili non venduti prezzo finale=null

	     INSERT INTO TentativoVendita (Id, PrezzoMinimo, PeriodoPrezzo, DataConcordata, CodCliente, CodiceAgente)
	     VALUES ('99', '80000', '2022-1-12', '2018-09-11',  'gnbzz82t05l881r', 'id002');
	    
	     INSERT INTO TentativoVendita (Id, PrezzoMinimo, PeriodoPrezzo, DataConcordata,
					   CodCliente, CodiceAgente)
	     VALUES ('100', '95000', '2020-1-12', '2018-09-12', 'dgbzz82t05l881r', 'id003');
	     INSERT INTO TentativoVendita (Id, PrezzoMinimo, PeriodoPrezzo, DataConcordata,
					   CodCliente, CodiceAgente)
	     VALUES ('101', '100000', '2021-1-12', '2018-09-13', 'tcccrl82i05l781t', 'id004');
	     INSERT INTO TentativoVendita (Id, PrezzoMinimo, PeriodoPrezzo, DataConcordata,
					   CodCliente, CodiceAgente)
	     VALUES ('102', '1100000', '2028-1-12', '2018-09-14', 'glvcc82t05l881r', 'id005');
	     INSERT INTO TentativoVendita (Id, PrezzoMinimo, PeriodoPrezzo, DataConcordata,
					   CodCliente, CodiceAgente)
	     VALUES ('103', '1200000', '2029-1-12', '2018-09-15', 'rdlrtt82t05l881r', 'id006');

	-- InVendita
	--	CodImmobile VARCHAR(40) NOT NULL
	--	REFERENCES Immobile(CodiceIm),
	--	IdTentativoVendita INTEGER NOT NULL
	--	REFERENCES TentativoVendita(Id),
	
	
	-- Collegata ad immobile tramite CodImmobile
	-- Collegata a TentativoVendita tramite IdtentativoVendita

	    INSERT INTO InVendita(CodImmobile, IdTentativoVendita)
	    VALUES ('10aa', 93);
	    INSERT INTO InVendita(CodImmobile, IdTentativoVendita)
	    VALUES ('10ba', 94);
	    INSERT INTO InVendita(CodImmobile, IdTentativoVendita)
	    VALUES ('10ca', 95);
	    INSERT INTO InVendita(CodImmobile, IdTentativoVendita)
	    VALUES ('10da', 96);
	    INSERT INTO InVendita(CodImmobile, IdTentativoVendita)
	    VALUES ('10ea', 97);
 	    INSERT INTO InVendita(CodImmobile, IdTentativoVendita)
	    VALUES ('10fa', 98);
 	    INSERT INTO InVendita(CodImmobile, IdTentativoVendita)
	    VALUES ('10ga', 99);
	    INSERT INTO InVendita(CodImmobile, IdTentativoVendita)
	    VALUES ('10ha', 100);
	    INSERT INTO InVendita(CodImmobile, IdTentativoVendita)
	    VALUES ('10fa', 101);
 	    INSERT INTO InVendita(CodImmobile, IdTentativoVendita)
	    VALUES ('10ga', 102);
	    INSERT INTO InVendita(CodImmobile, IdTentativoVendita)
	    VALUES ('10ha', 103);


	

	-- PotenzialeAcquirente
	--	Nome VARCHAR(40) NOT NULL,
	--	Cognome VARCHAR(40) NOT NULL,
	--	GiornoContatto DATE NOT NULL,
	--	Telefono VARCHAR(40) NOT NULL,
	--	PRIMARY KEY( Nome, Cognome, GiornoContatto, Telefono)
		
	--Collegata a Offerta tramite Nome, Cognome, GiornoContatto, Telefono

	    INSERT INTO PotenzialeAcquirente(Nome, Cognome, GiornoContatto, Telefono)
	    VALUES ( 'Riccardo', 'Ricci', '2017-03-10', '045/232244');

	    INSERT INTO PotenzialeAcquirente(Nome, Cognome, GiornoContatto, Telefono)
	    VALUES ( 'Oscar', 'Olivieri', '2017-03-10', '045/2399044');

	    INSERT INTO PotenzialeAcquirente(Nome, Cognome, GiornoContatto, Telefono)
            VALUES ('Rodolfo', 'Rossi', '2017-05-10',  '045/2242664');	

	    INSERT INTO PotenzialeAcquirente(Nome, Cognome, GiornoContatto, Telefono)
	    VALUES ( 'Tommaso', 'Todeschini', '2017-03-10', '045/2399044');

	    INSERT INTO PotenzialeAcquirente(Nome, Cognome, GiornoContatto, Telefono)
            VALUES ('Andrea', 'Borghesani', '2017-02-03',  '045/2242664');	

	    INSERT INTO PotenzialeAcquirente(Nome, Cognome, GiornoContatto, Telefono)
	    VALUES ( 'Matteo', 'Sterza', '2017-04-12', '045/2399044');

	    INSERT INTO PotenzialeAcquirente(Nome, Cognome, GiornoContatto, Telefono)
            VALUES ('Alessio', 'Guarnieri', '2017-01-07',  '045/2242664');	

	    INSERT INTO PotenzialeAcquirente(Nome, Cognome, GiornoContatto, Telefono)
	    VALUES ( 'Giacomo', 'Vilio', '2017-03-10', '045/2399044');

	    INSERT INTO PotenzialeAcquirente(Nome, Cognome, GiornoContatto, Telefono)
            VALUES ('Maria', 'Bianchi', '2017-05-10',  '045/2242664');	

	    INSERT INTO PotenzialeAcquirente(Nome, Cognome, GiornoContatto, Telefono)
	    VALUES ( 'Sofia', 'Rupiani', '2017-03-10', '045/2399044');

	    INSERT INTO PotenzialeAcquirente(Nome, Cognome, GiornoContatto, Telefono)
            VALUES ('Serena', 'Sterza', '2017-05-10',  '045/2242664');	

	-- Offerta
	--	Id INTEGER UNIQUE
	--	PrezzoOfferto INTEGER NOT NULL, 
	--	IdTentativoVendita INTEGER NOT NULL REFERENCES TentativoVendita(Id),
	--	NomePA VARCHAR(40) NOT NULL,
	--	CognomePA VARCHAR(40) NOT NULL,
	--	GiornoContattoPA DATE NOT NULL,
	--	TelefonoPA VARCHAR(40) NOT NULL,

	--Collegata a Potenziale acquirente tramite NomePa, cognomePA, giornoContattoPa, TelefonoPA
	--Collegata a Tentativovendita t

	     INSERT INTO Offerta(Id, PrezzoOfferto, IdTentativoVendita, NomePA, CognomePA, GiornoContattoPA, TelefonoPA)
	     VALUES ('335001', '34000', '93', 'Riccardo', 'Ricci', '2017-03-10', '045/232244');
	
	     INSERT INTO Offerta(Id, PrezzoOfferto, IdTentativoVendita, NomePA, CognomePA, GiornoContattoPA, TelefonoPA)
	     VALUES ('335002', '93000', '94', 'Oscar', 'Olivieri', '2017-03-10', '045/2399044');
	
	     INSERT INTO Offerta(Id, PrezzoOfferto, IdTentativoVendita, NomePA, CognomePA, GiornoContattoPA, TelefonoPA)
	     VALUES ('335003', '10000', '95', 'Rodolfo', 'Rossi', '2017-05-10',  '045/2242664');

	     INSERT INTO Offerta(Id, PrezzoOfferto, IdTentativoVendita, NomePA, CognomePA, GiornoContattoPA, TelefonoPA)
	     VALUES ('335004', '34000', '96', 'Tommaso', 'Todeschini', '2017-03-10', '045/2399044');;
	
	     INSERT INTO Offerta(Id, PrezzoOfferto, IdTentativoVendita, NomePA, CognomePA, GiornoContattoPA, TelefonoPA)
	     VALUES ('335005', '93000', '97', 'Andrea', 'Borghesani', '2017-02-03',  '045/2242664');	
	
	     INSERT INTO Offerta(Id, PrezzoOfferto, IdTentativoVendita, NomePA, CognomePA, GiornoContattoPA, TelefonoPA)
	     VALUES ('335006', '10000', '98', 'Matteo', 'Sterza', '2017-04-12', '045/2399044');

		     INSERT INTO Offerta(Id, PrezzoOfferto, IdTentativoVendita, NomePA, CognomePA, GiornoContattoPA, TelefonoPA)
	     VALUES ('335007', '34000', '99', 'Alessio', 'Guarnieri', '2017-01-07',  '045/2242664');
	
	     INSERT INTO Offerta(Id, PrezzoOfferto, IdTentativoVendita, NomePA, CognomePA, GiornoContattoPA, TelefonoPA)
	     VALUES ('335008', '93000', '100', 'Serena', 'Sterza', '2017-05-10',  '045/2242664');
	
	     INSERT INTO Offerta(Id, PrezzoOfferto, IdTentativoVendita, NomePA, CognomePA, GiornoContattoPA, TelefonoPA)
	     VALUES ('335009', '10000', '101', 'Giacomo', 'Vilio', '2017-03-10', '045/2399044');
	
	     INSERT INTO Offerta(Id, PrezzoOfferto, IdTentativoVendita, NomePA, CognomePA, GiornoContattoPA, TelefonoPA)
	     VALUES ('335010', '34000', '102', 'Maria', 'Bianchi', '2017-05-10',  '045/2242664');	
	
	     INSERT INTO Offerta(Id, PrezzoOfferto, IdTentativoVendita, NomePA, CognomePA, GiornoContattoPA, TelefonoPA)
	     VALUES ('335011', '93000', '103', 'Sofia', 'Rupiani', '2017-03-10', '045/2399044');

         
